{"cameraMode":{"drawMode":0,"name":"Shaded","section":"Shading Mode"},"sceneLighting":true,"audioPlay":false,"sceneViewState":{"m_AlwaysRefresh":false,"showFog":true,"showSkybox":true,"showFlares":true,"showImageEffects":true,"showParticleSystems":true,"showVisualEffectGraphs":true,"m_FxEnabled":true},"in2DMode":false,"pivot":{"x":5.516119003295898,"y":-0.33052539825439455,"z":6.311792373657227},"rotation":{"x":-0.07801519334316254,"y":0.40517905354499819,"z":-0.03473030775785446,"w":-0.9102498292922974},"size":9.317679405212403,"orthographic":true}